{
  "types": {
    "aliases": "aliases",
    "cssclasses": "multitext",
    "tags": "tags",
    "excalidraw-plugin": "text",
    "excalidraw-export-transparent": "checkbox",
    "excalidraw-mask": "checkbox",
    "excalidraw-export-dark": "checkbox",
    "excalidraw-export-padding": "number",
    "excalidraw-export-pngscale": "number",
    "excalidraw-export-embed-scene": "checkbox",
    "excalidraw-link-prefix": "text",
    "excalidraw-url-prefix": "text",
    "excalidraw-link-brackets": "checkbox",
    "excalidraw-onload-script": "text",
    "excalidraw-linkbutton-opacity": "number",
    "excalidraw-default-mode": "text",
    "excalidraw-font": "text",
    "excalidraw-font-color": "text",
    "excalidraw-border-color": "text",
    "excalidraw-css": "text",
    "excalidraw-autoexport": "text",
    "excalidraw-embeddable-theme": "text",
    "excalidraw-open-md": "checkbox",
    "vege": "checkbox",
    "mówca": "multitext",
    "kraje": "multitext",
    "data": "date",
    "data i godzina": "datetime",
    "powrót": "checkbox",
    "osoby": "multitext",
    "osoba": "multitext",
    "właściciel": "multitext",
    "kraj": "multitext",
    "autor": "multitext",
    "format": "multitext",
    "data powstania": "datetime",
    "architekt": "multitext",
    "inwestor": "multitext",
    "funkcja": "multitext",
    "gatunek": "multitext",
    "producent": "multitext",
    "data produkcji": "date",
    "data urodzenia": "date",
    "produkty": "multitext",
    "data zgonu": "date",
    "dzieła": "multitext",
    "firma": "multitext",
    "deadline": "date",
    "zastosowanie": "multitext",
    "giełda": "multitext",
    "typ": "multitext",
    "opublikowane": "date"
  }
}